run_id,sequence_code,sequence,status,degree,constraint_order,lambda_energy,lambda_residual,strain_energy,objective_value,residual_penalty,endpoint_residual_norm,max_abs_error,mean_abs_error,optimizer_success,optimizer_iterations,elapsed_ms,optimal_params_json,endpoint_residuals_json,metadata_json,error_message
A_deg6_ord4_le1_lr0.1,A,variable_base_tetration,ok,6,4,1.0,0.1,0.26194082670353436,0.30338949458844083,1.2279238518752353,27.76526473538553,,,True,37,35.15441600000002,"{""left_derivative"": 0.911481339472386, ""left_second_derivative"": -1.0004931292666441, ""right_derivative"": 1.2108616004715174, ""right_second_derivative"": 1.6124072789868933}","{""1"": -1.052719840705056, ""2"": -0.8854778869358428, ""3"": -0.9990390806335654, ""4"": 27.71316576268658}","{""coefficient_regularization"": 1e-10, ""constraint_order"": 4, ""degree"": 6, ""endpoint_residual_norm"": 27.76526473538553, ""endpoint_residuals"": {""1"": -1.052719840705056, ""2"": -0.8854778869358428, ""3"": -0.9990390806335654, ""4"": 27.71316576268658}, ""energy_scale"": 1.4504153893101357, ""initial_method"": ""hermite_quintic"", ""lambda_energy"": 1.0, ""lambda_residual"": 0.1, ""node_count"": 7.0, ""objective_value"": 0.30338949458844083, ""optimizer_iterations"": 37, ""optimizer_message"": ""CONVERGENCE: NORM_OF_PROJECTED_GRADIENT_<=_PGTOL"", ""optimizer_method"": ""L-BFGS-B"", ""optimizer_success"": true, ""residual_penalty"": 1.2279238518752353}",
A_deg6_ord4_le1_lr1,A,variable_base_tetration,ok,6,4,1.0,1.0,0.7369964233624345,0.7100148317693954,0.20188700243751642,10.830037545442114,,,True,41,48.53058399999999,"{""left_derivative"": 0.7518046930450364, ""left_second_derivative"": -0.896769039195803, ""right_derivative"": 1.455853368947757, ""right_second_derivative"": 1.688346828267413}","{""1"": -0.586369237684047, ""2"": -0.15741328307761648, ""3"": -0.5214628278387359, ""4"": 10.800425080999212}","{""coefficient_regularization"": 1e-10, ""constraint_order"": 4, ""degree"": 6, ""endpoint_residual_norm"": 10.830037545442114, ""endpoint_residuals"": {""1"": -0.586369237684047, ""2"": -0.15741328307761648, ""3"": -0.5214628278387359, ""4"": 10.800425080999212}, ""energy_scale"": 1.4504153893101357, ""initial_method"": ""hermite_quintic"", ""lambda_energy"": 1.0, ""lambda_residual"": 1.0, ""node_count"": 7.0, ""objective_value"": 0.7100148317693954, ""optimizer_iterations"": 41, ""optimizer_message"": ""CONVERGENCE: REL_REDUCTION_OF_F_<=_FACTR*EPSMCH"", ""optimizer_method"": ""L-BFGS-B"", ""optimizer_success"": true, ""residual_penalty"": 0.20188700243751642}",
A_deg6_ord4_le1_lr10,A,variable_base_tetration,ok,6,4,1.0,10.0,1.401872069586141,1.0423190411935488,0.007578760478083486,1.106634592606289,,,True,50,56.94787499999998,"{""left_derivative"": 0.5703417913575701, ""left_second_derivative"": -0.27500374986021825, ""right_derivative"": 1.6524173916502107, ""right_second_derivative"": 1.8378694749364968}","{""1"": -0.138244217619806, ""2"": -0.0248124595173409, ""3"": -0.042750378208910256, ""4"": 1.0968524991370856}","{""coefficient_regularization"": 1e-10, ""constraint_order"": 4, ""degree"": 6, ""endpoint_residual_norm"": 1.106634592606289, ""endpoint_residuals"": {""1"": -0.138244217619806, ""2"": -0.0248124595173409, ""3"": -0.042750378208910256, ""4"": 1.0968524991370856}, ""energy_scale"": 1.4504153893101357, ""initial_method"": ""hermite_quintic"", ""lambda_energy"": 1.0, ""lambda_residual"": 10.0, ""node_count"": 7.0, ""objective_value"": 1.0423190411935488, ""optimizer_iterations"": 50, ""optimizer_message"": ""CONVERGENCE: REL_REDUCTION_OF_F_<=_FACTR*EPSMCH"", ""optimizer_method"": ""L-BFGS-B"", ""optimizer_success"": true, ""residual_penalty"": 0.007578760478083486}",
A_deg6_ord4_le1_lr100,A,variable_base_tetration,ok,6,4,1.0,100.0,1.6359762445903856,1.1302014871689376,2.2651341165610577e-05,0.1068284486825561,,,True,57,105.85941599999992,"{""left_derivative"": 0.5218694130579866, ""left_second_derivative"": 0.04012193656737395, ""right_derivative"": 1.716323577507481, ""right_second_derivative"": 2.082760690966211}","{""1"": -0.007141047055752914, ""2"": -0.001764105630767343, ""3"": -0.0011832823141295634, ""4"": 0.10656833802381271}","{""coefficient_regularization"": 1e-10, ""constraint_order"": 4, ""degree"": 6, ""endpoint_residual_norm"": 0.1068284486825561, ""endpoint_residuals"": {""1"": -0.007141047055752914, ""2"": -0.001764105630767343, ""3"": -0.0011832823141295634, ""4"": 0.10656833802381271}, ""energy_scale"": 1.4504153893101357, ""initial_method"": ""hermite_quintic"", ""lambda_energy"": 1.0, ""lambda_residual"": 100.0, ""node_count"": 7.0, ""objective_value"": 1.1302014871689376, ""optimizer_iterations"": 57, ""optimizer_message"": ""CONVERGENCE: REL_REDUCTION_OF_F_<=_FACTR*EPSMCH"", ""optimizer_method"": ""L-BFGS-B"", ""optimizer_success"": true, ""residual_penalty"": 2.2651341165610577e-05}",
A_deg8_ord4_le1_lr0.1,A,variable_base_tetration,ok,8,4,1.0,0.1,0.2527570081123083,0.2912684324322201,1.170031771046537,71.28636570459796,,,True,107,169.02091600000003,"{""left_derivative"": 0.9205081919035747, ""left_second_derivative"": -1.4676683000202786, ""right_derivative"": 1.185260897721676, ""right_second_derivative"": 1.209109036361042}","{""1"": -1.0908344180789156, ""2"": -0.6875920024382776, ""3"": -0.32194427418005667, ""4"": 71.27397550834749}","{""coefficient_regularization"": 1e-10, ""constraint_order"": 4, ""degree"": 8, ""endpoint_residual_norm"": 71.28636570459796, ""endpoint_residuals"": {""1"": -1.0908344180789156, ""2"": -0.6875920024382776, ""3"": -0.32194427418005667, ""4"": 71.27397550834749}, ""energy_scale"": 1.450415389308303, ""initial_method"": ""hermite_quintic"", ""lambda_energy"": 1.0, ""lambda_residual"": 0.1, ""node_count"": 9.0, ""objective_value"": 0.2912684324322201, ""optimizer_iterations"": 107, ""optimizer_message"": ""CONVERGENCE: REL_REDUCTION_OF_F_<=_FACTR*EPSMCH"", ""optimizer_method"": ""L-BFGS-B"", ""optimizer_success"": true, ""residual_penalty"": 1.170031771046537}",
A_deg8_ord4_le1_lr1,A,variable_base_tetration,ok,8,4,1.0,1.0,0.8934696944755183,0.7078197182479254,0.09181019359775094,2.917792085792676,,,True,84,107.976458,"{""left_derivative"": 0.6959800057509744, ""left_second_derivative"": -0.8373629403366465, ""right_derivative"": 1.5160458742379461, ""right_second_derivative"": 1.5654584635949504}","{""1"": -0.4487872831868187, ""2"": -0.09595469376541943, ""3"": 0.004412164622500825, ""4"": 2.8814707806798765}","{""coefficient_regularization"": 1e-10, ""constraint_order"": 4, ""degree"": 8, ""endpoint_residual_norm"": 2.917792085792676, ""endpoint_residuals"": {""1"": -0.4487872831868187, ""2"": -0.09595469376541943, ""3"": 0.004412164622500825, ""4"": 2.8814707806798765}, ""energy_scale"": 1.450415389308303, ""initial_method"": ""hermite_quintic"", ""lambda_energy"": 1.0, ""lambda_residual"": 1.0, ""node_count"": 9.0, ""objective_value"": 0.7078197182479254, ""optimizer_iterations"": 84, ""optimizer_message"": ""CONVERGENCE: REL_REDUCTION_OF_F_<=_FACTR*EPSMCH"", ""optimizer_method"": ""L-BFGS-B"", ""optimizer_success"": true, ""residual_penalty"": 0.09181019359775094}",
A_deg8_ord4_le1_lr10,A,variable_base_tetration,ok,8,4,1.0,10.0,1.31659818933844,0.9429386146366326,0.0035199908136750967,0.3994399511137191,,,True,142,450.17995899999994,"{""left_derivative"": 0.47217173757378106, ""left_second_derivative"": -0.1600520400019434, ""right_derivative"": 1.5623437991830826, ""right_second_derivative"": 1.5827302143716224}","{""1"": -0.09222521809563089, ""2"": -0.008533336704834138, ""3"": -0.00281596843819365, ""4"": 0.3885434804232091}","{""coefficient_regularization"": 1e-10, ""constraint_order"": 4, ""degree"": 8, ""endpoint_residual_norm"": 0.3994399511137191, ""endpoint_residuals"": {""1"": -0.09222521809563089, ""2"": -0.008533336704834138, ""3"": -0.00281596843819365, ""4"": 0.3885434804232091}, ""energy_scale"": 1.450415389308303, ""initial_method"": ""hermite_quintic"", ""lambda_energy"": 1.0, ""lambda_residual"": 10.0, ""node_count"": 9.0, ""objective_value"": 0.9429386146366326, ""optimizer_iterations"": 142, ""optimizer_message"": ""CONVERGENCE: REL_REDUCTION_OF_F_<=_FACTR*EPSMCH"", ""optimizer_method"": ""L-BFGS-B"", ""optimizer_success"": true, ""residual_penalty"": 0.0035199908136750967}",
A_deg8_ord4_le1_lr100,A,variable_base_tetration,ok,8,4,1.0,100.0,1.4358963491791912,0.9970753383252519,7.085601727235569e-05,0.015752983653276324,,,True,46,172.95766699999993,"{""left_derivative"": 0.4354052314618695, ""left_second_derivative"": 0.19836219698927948, ""right_derivative"": 1.5902369345310206, ""right_second_derivative"": 1.9306207707913927}","{""1"": -0.01336288264666985, ""2"": -0.0009442741040985858, ""3"": -0.00027197958338121, ""4"": 0.008283974581942743}","{""coefficient_regularization"": 1e-10, ""constraint_order"": 4, ""degree"": 8, ""endpoint_residual_norm"": 0.015752983653276324, ""endpoint_residuals"": {""1"": -0.01336288264666985, ""2"": -0.0009442741040985858, ""3"": -0.00027197958338121, ""4"": 0.008283974581942743}, ""energy_scale"": 1.450415389308303, ""initial_method"": ""hermite_quintic"", ""lambda_energy"": 1.0, ""lambda_residual"": 100.0, ""node_count"": 9.0, ""objective_value"": 0.9970753383252519, ""optimizer_iterations"": 46, ""optimizer_message"": ""CONVERGENCE: REL_REDUCTION_OF_F_<=_FACTR*EPSMCH"", ""optimizer_method"": ""L-BFGS-B"", ""optimizer_success"": true, ""residual_penalty"": 7.085601727235569e-05}",
A_deg10_ord4_le1_lr0.1,A,variable_base_tetration,ok,10,4,1.0,0.1,0.5126363710456368,0.40599698533674333,0.5255591262020106,1.8112130402741888,,,True,237,384.45454200000006,"{""left_derivative"": 0.8880319715781395, ""left_second_derivative"": -0.8410988520116689, ""right_derivative"": 1.3912647492788892, ""right_second_derivative"": 1.8546777336941886}","{""1"": -0.8398089654140648, ""2"": -0.7442205739708085, ""3"": -0.016065851105187434, ""4"": -1.4216508729558939}","{""coefficient_regularization"": 1e-10, ""constraint_order"": 4, ""degree"": 10, ""endpoint_residual_norm"": 1.8112130402741888, ""endpoint_residuals"": {""1"": -0.8398089654140648, ""2"": -0.7442205739708085, ""3"": -0.016065851105187434, ""4"": -1.4216508729558939}, ""energy_scale"": 1.4504153893074003, ""initial_method"": ""hermite_quintic"", ""lambda_energy"": 1.0, ""lambda_residual"": 0.1, ""node_count"": 11.0, ""objective_value"": 0.40599698533674333, ""optimizer_iterations"": 237, ""optimizer_message"": ""CONVERGENCE: REL_REDUCTION_OF_F_<=_FACTR*EPSMCH"", ""optimizer_method"": ""L-BFGS-B"", ""optimizer_success"": true, ""residual_penalty"": 0.5255591262020106}",
A_deg10_ord4_le1_lr1,A,variable_base_tetration,ok,10,4,1.0,1.0,1.166958753588381,0.8245355020774304,0.019966850757855082,1.5067164130099329,,,True,154,303.9934999999998,"{""left_derivative"": 0.5059398529962977, ""left_second_derivative"": -0.6236532680031814, ""right_derivative"": 1.493024534159133, ""right_second_derivative"": 1.0715005073980137}","{""1"": -0.20835703111546078, ""2"": -0.02316180519589328, ""3"": 0.014299703149639242, ""4"": 1.4919922071137535}","{""coefficient_regularization"": 1e-10, ""constraint_order"": 4, ""degree"": 10, ""endpoint_residual_norm"": 1.5067164130099329, ""endpoint_residuals"": {""1"": -0.20835703111546078, ""2"": -0.02316180519589328, ""3"": 0.014299703149639242, ""4"": 1.4919922071137535}, ""energy_scale"": 1.4504153893074003, ""initial_method"": ""hermite_quintic"", ""lambda_energy"": 1.0, ""lambda_residual"": 1.0, ""node_count"": 11.0, ""objective_value"": 0.8245355020774304, ""optimizer_iterations"": 154, ""optimizer_message"": ""CONVERGENCE: REL_REDUCTION_OF_F_<=_FACTR*EPSMCH"", ""optimizer_method"": ""L-BFGS-B"", ""optimizer_success"": true, ""residual_penalty"": 0.019966850757855082}",
A_deg10_ord4_le1_lr10,A,variable_base_tetration,ok,10,4,1.0,10.0,1.3875049581205492,0.9645624075401007,0.0007936486173552114,0.4851867912669532,,,True,36,73.15695800000022,"{""left_derivative"": 0.4419896388265152, ""left_second_derivative"": -0.27390139761507726, ""right_derivative"": 1.5686774618451125, ""right_second_derivative"": 1.3019836798612232}","{""1"": -0.044050282133502705, ""2"": -0.0027330228743454033, ""3"": -0.0012711030706906712, ""4"": 0.48317358159033574}","{""coefficient_regularization"": 1e-10, ""constraint_order"": 4, ""degree"": 10, ""endpoint_residual_norm"": 0.4851867912669532, ""endpoint_residuals"": {""1"": -0.044050282133502705, ""2"": -0.0027330228743454033, ""3"": -0.0012711030706906712, ""4"": 0.48317358159033574}, ""energy_scale"": 1.4504153893074003, ""initial_method"": ""hermite_quintic"", ""lambda_energy"": 1.0, ""lambda_residual"": 10.0, ""node_count"": 11.0, ""objective_value"": 0.9645624075401007, ""optimizer_iterations"": 36, ""optimizer_message"": ""CONVERGENCE: REL_REDUCTION_OF_F_<=_FACTR*EPSMCH"", ""optimizer_method"": ""L-BFGS-B"", ""optimizer_success"": true, ""residual_penalty"": 0.0007936486173552114}",
A_deg10_ord4_le1_lr100,A,variable_base_tetration,ok,10,4,1.0,100.0,1.4577763352494342,1.0053598965732227,2.8483598289776133e-06,0.002736468213294981,,,False,22,84.12495799999986,"{""left_derivative"": 0.4274021950046949, ""left_second_derivative"": 0.29553480312176816, ""right_derivative"": 1.595124567607428, ""right_second_derivative"": 2.031747125421134}","{""1"": 0.0026193147421555985, ""2"": -0.0007919858723823836, ""3"": 4.79051060686686e-06, ""4"": 1.3564396596166262e-05}","{""coefficient_regularization"": 1e-10, ""constraint_order"": 4, ""degree"": 10, ""endpoint_residual_norm"": 0.002736468213294981, ""endpoint_residuals"": {""1"": 0.0026193147421555985, ""2"": -0.0007919858723823836, ""3"": 4.79051060686686e-06, ""4"": 1.3564396596166262e-05}, ""energy_scale"": 1.4504153893074003, ""initial_method"": ""hermite_quintic"", ""lambda_energy"": 1.0, ""lambda_residual"": 100.0, ""node_count"": 11.0, ""objective_value"": 1.0053598965732227, ""optimizer_iterations"": 22, ""optimizer_message"": ""ABNORMAL_TERMINATION_IN_LNSRCH"", ""optimizer_method"": ""L-BFGS-B"", ""optimizer_success"": false, ""residual_penalty"": 2.8483598289776133e-06}",
A_deg12_ord4_le1_lr0.1,A,variable_base_tetration,ok,12,4,1.0,0.1,1.1591462963082915,0.8022250392814004,0.03042746474618505,5.567037563614085,,,True,195,381.025583,"{""left_derivative"": 0.49434121852469115, ""left_second_derivative"": -0.7155965872045726, ""right_derivative"": 1.4627370160942235, ""right_second_derivative"": 0.8323059408321569}","{""1"": -0.22256542761569142, ""2"": -0.08447114592619398, ""3"": 0.15544713040425506, ""4"": 5.55977271840095}","{""coefficient_regularization"": 1e-10, ""constraint_order"": 4, ""degree"": 12, ""endpoint_residual_norm"": 5.567037563614085, ""endpoint_residuals"": {""1"": -0.22256542761569142, ""2"": -0.08447114592619398, ""3"": 0.15544713040425506, ""4"": 5.55977271840095}, ""energy_scale"": 1.4504153893065406, ""initial_method"": ""hermite_quintic"", ""lambda_energy"": 1.0, ""lambda_residual"": 0.1, ""node_count"": 13.0, ""objective_value"": 0.8022250392814004, ""optimizer_iterations"": 195, ""optimizer_message"": ""CONVERGENCE: REL_REDUCTION_OF_F_<=_FACTR*EPSMCH"", ""optimizer_method"": ""L-BFGS-B"", ""optimizer_success"": true, ""residual_penalty"": 0.03042746474618505}",
A_deg12_ord4_le1_lr1,A,variable_base_tetration,ok,12,4,1.0,1.0,1.3357007751355157,0.9232942010358239,0.002385070435632608,2.239364628409606,,,True,59,133.77416700000032,"{""left_derivative"": 0.44151736097718786, ""left_second_derivative"": -0.5193969010629758, ""right_derivative"": 1.5383024265594543, ""right_second_derivative"": 0.9535524374623492}","{""1"": -0.07377060129975632, ""2"": -0.008835012940859421, ""3"": -0.013925246234592237, ""4"": 2.2380884404821018}","{""coefficient_regularization"": 1e-10, ""constraint_order"": 4, ""degree"": 12, ""endpoint_residual_norm"": 2.239364628409606, ""endpoint_residuals"": {""1"": -0.07377060129975632, ""2"": -0.008835012940859421, ""3"": -0.013925246234592237, ""4"": 2.2380884404821018}, ""energy_scale"": 1.4504153893065406, ""initial_method"": ""hermite_quintic"", ""lambda_energy"": 1.0, ""lambda_residual"": 1.0, ""node_count"": 13.0, ""objective_value"": 0.9232942010358239, ""optimizer_iterations"": 59, ""optimizer_message"": ""CONVERGENCE: REL_REDUCTION_OF_F_<=_FACTR*EPSMCH"", ""optimizer_method"": ""L-BFGS-B"", ""optimizer_success"": true, ""residual_penalty"": 0.002385070435632608}",
A_deg12_ord4_le1_lr10,A,variable_base_tetration,ok,12,4,1.0,10.0,1.4533024643258843,1.0030579598070293,0.00010674437931541569,0.10985149167771648,,,True,12,59.06279199999975,"{""left_derivative"": 0.42735900590236575, ""left_second_derivative"": 0.28306784797632645, ""right_derivative"": 1.5939721541658969, ""right_second_derivative"": 1.9945908311892708}","{""1"": 0.0015267741096451903, ""2"": -0.020483686310634575, ""3"": 0.0009654206068745452, ""4"": 0.10790971106817437}","{""coefficient_regularization"": 1e-10, ""constraint_order"": 4, ""degree"": 12, ""endpoint_residual_norm"": 0.10985149167771648, ""endpoint_residuals"": {""1"": 0.0015267741096451903, ""2"": -0.020483686310634575, ""3"": 0.0009654206068745452, ""4"": 0.10790971106817437}, ""energy_scale"": 1.4504153893065406, ""initial_method"": ""hermite_quintic"", ""lambda_energy"": 1.0, ""lambda_residual"": 10.0, ""node_count"": 13.0, ""objective_value"": 1.0030579598070293, ""optimizer_iterations"": 12, ""optimizer_message"": ""CONVERGENCE: REL_REDUCTION_OF_F_<=_FACTR*EPSMCH"", ""optimizer_method"": ""L-BFGS-B"", ""optimizer_success"": true, ""residual_penalty"": 0.00010674437931541569}",
A_deg12_ord4_le1_lr100,A,variable_base_tetration,ok,12,4,1.0,100.0,1.4560320745353046,1.0042393555391473,3.668888582118996e-06,0.02112478403016966,,,False,40,405.4410420000001,"{""left_derivative"": 0.4271508172708014, ""left_second_derivative"": 0.2841481769056031, ""right_derivative"": 1.5946366739904079, ""right_second_derivative"": 2.017938549477549}","{""1"": 0.0024799046601431396, ""2"": 0.002242310507118539, ""3"": -0.0003139578439608215, ""4"": -0.020856175278794353}","{""coefficient_regularization"": 1e-10, ""constraint_order"": 4, ""degree"": 12, ""endpoint_residual_norm"": 0.02112478403016966, ""endpoint_residuals"": {""1"": 0.0024799046601431396, ""2"": 0.002242310507118539, ""3"": -0.0003139578439608215, ""4"": -0.020856175278794353}, ""energy_scale"": 1.4504153893065406, ""initial_method"": ""hermite_quintic"", ""lambda_energy"": 1.0, ""lambda_residual"": 100.0, ""node_count"": 13.0, ""objective_value"": 1.0042393555391473, ""optimizer_iterations"": 40, ""optimizer_message"": ""ABNORMAL_TERMINATION_IN_LNSRCH"", ""optimizer_method"": ""L-BFGS-B"", ""optimizer_success"": false, ""residual_penalty"": 3.668888582118996e-06}",
B_deg6_ord4_le1_lr0.1,B,fixed_base_tetration,ok,6,4,1.0,0.1,0.00046093443506704573,0.0011094160033656598,0.0064848156801536735,0.08054740414570619,,,True,71,65.06079200000015,"{""left_derivative"": 0.0980335524144893, ""left_second_derivative"": 0.012218106493884665, ""right_derivative"": 0.11659048648746051, ""right_second_derivative"": 0.0016238554505748064}","{""1"": 0.08041571639650509, ""2"": -0.0038151075643131672, ""3"": 0.0015866452006873186, ""4"": 0.002030857535240571}","{""coefficient_regularization"": 1e-10, ""constraint_order"": 4, ""degree"": 6, ""endpoint_residual_norm"": 0.08054740414570619, ""endpoint_residuals"": {""1"": 0.08041571639650509, ""2"": -0.0038151075643131672, ""3"": 0.0015866452006873186, ""4"": 0.002030857535240571}, ""energy_scale"": 1.0, ""initial_method"": ""hermite_quintic"", ""lambda_energy"": 1.0, ""lambda_residual"": 0.1, ""node_count"": 7.0, ""objective_value"": 0.0011094160033656598, ""optimizer_iterations"": 71, ""optimizer_message"": ""CONVERGENCE: REL_REDUCTION_OF_F_<=_FACTR*EPSMCH"", ""optimizer_method"": ""L-BFGS-B"", ""optimizer_success"": true, ""residual_penalty"": 0.0064848156801536735}",
B_deg6_ord4_le1_lr1,B,fixed_base_tetration,ok,6,4,1.0,1.0,0.006834482337142707,0.007373514225874586,0.0005390318884389924,0.0272562198421013,,,True,57,70.94370900000024,"{""left_derivative"": 0.15058045348088234, ""left_second_derivative"": -0.10447337211434693, ""right_derivative"": 0.06916120958764083, ""right_second_derivative"": -0.043861650151896414}","{""1"": 0.01359642436154071, ""2"": -0.007505755097863651, ""3"": 0.014457559651137777, ""4"": 0.01710793307230729}","{""coefficient_regularization"": 1e-10, ""constraint_order"": 4, ""degree"": 6, ""endpoint_residual_norm"": 0.0272562198421013, ""endpoint_residuals"": {""1"": 0.01359642436154071, ""2"": -0.007505755097863651, ""3"": 0.014457559651137777, ""4"": 0.01710793307230729}, ""energy_scale"": 1.0, ""initial_method"": ""hermite_quintic"", ""lambda_energy"": 1.0, ""lambda_residual"": 1.0, ""node_count"": 7.0, ""objective_value"": 0.007373514225874586, ""optimizer_iterations"": 57, ""optimizer_message"": ""CONVERGENCE: REL_REDUCTION_OF_F_<=_FACTR*EPSMCH"", ""optimizer_method"": ""L-BFGS-B"", ""optimizer_success"": true, ""residual_penalty"": 0.0005390318884389924}",
B_deg6_ord4_le1_lr10,B,fixed_base_tetration,ok,6,4,1.0,10.0,0.008558584365444738,0.009368301782434592,8.097174166849544e-05,0.009064607426495357,,,True,34,59.454041999999596,"{""left_derivative"": 0.14288451698633797, ""left_second_derivative"": -0.05023692053585726, ""right_derivative"": 0.06172206771115185, ""right_second_derivative"": -0.01653518152501471}","{""1"": 0.008997113608865924, ""2"": 2.58995518313751e-05, ""3"": 5.9038971223335235e-05, ""4"": -0.0011022241689992995}","{""coefficient_regularization"": 1e-10, ""constraint_order"": 4, ""degree"": 6, ""endpoint_residual_norm"": 0.009064607426495357, ""endpoint_residuals"": {""1"": 0.008997113608865924, ""2"": 2.58995518313751e-05, ""3"": 5.9038971223335235e-05, ""4"": -0.0011022241689992995}, ""energy_scale"": 1.0, ""initial_method"": ""hermite_quintic"", ""lambda_energy"": 1.0, ""lambda_residual"": 10.0, ""node_count"": 7.0, ""objective_value"": 0.009368301782434592, ""optimizer_iterations"": 34, ""optimizer_message"": ""CONVERGENCE: REL_REDUCTION_OF_F_<=_FACTR*EPSMCH"", ""optimizer_method"": ""L-BFGS-B"", ""optimizer_success"": true, ""residual_penalty"": 8.097174166849544e-05}",
B_deg6_ord4_le1_lr100,B,fixed_base_tetration,ok,6,4,1.0,100.0,0.03347529031890855,0.03504227632047826,1.5669860012904233e-05,0.01002824662041412,,,True,49,48.88175000000005,"{""left_derivative"": 0.20102075649046536, ""left_second_derivative"": -0.34580910522374175, ""right_derivative"": 0.07076962026899025, ""right_second_derivative"": -0.12183923736553476}","{""1"": -0.0034078370448766965, ""2"": 0.0018535272521507384, ""3"": 0.00022813570381186032, ""4"": -0.009244715667969139}","{""coefficient_regularization"": 1e-10, ""constraint_order"": 4, ""degree"": 6, ""endpoint_residual_norm"": 0.01002824662041412, ""endpoint_residuals"": {""1"": -0.0034078370448766965, ""2"": 0.0018535272521507384, ""3"": 0.00022813570381186032, ""4"": -0.009244715667969139}, ""energy_scale"": 1.0, ""initial_method"": ""hermite_quintic"", ""lambda_energy"": 1.0, ""lambda_residual"": 100.0, ""node_count"": 7.0, ""objective_value"": 0.03504227632047826, ""optimizer_iterations"": 49, ""optimizer_message"": ""CONVERGENCE: REL_REDUCTION_OF_F_<=_FACTR*EPSMCH"", ""optimizer_method"": ""L-BFGS-B"", ""optimizer_success"": true, ""residual_penalty"": 1.5669860012904233e-05}",
B_deg8_ord4_le1_lr0.1,B,fixed_base_tetration,ok,8,4,1.0,0.1,0.009056198499666152,0.009069439567033087,0.0001324106706260359,0.1216468771795936,,,True,36,56.16437500000026,"{""left_derivative"": 0.14509182661830788, ""left_second_derivative"": -0.056812983168891495, ""right_derivative"": 0.05738679108875511, ""right_second_derivative"": -0.008771553499986783}","{""1"": 0.0038473309679740095, ""2"": 0.010154581040070578, ""3"": 0.0016357582015062988, ""4"": -0.12115019418464357}","{""coefficient_regularization"": 1e-10, ""constraint_order"": 4, ""degree"": 8, ""endpoint_residual_norm"": 0.1216468771795936, ""endpoint_residuals"": {""1"": 0.0038473309679740095, ""2"": 0.010154581040070578, ""3"": 0.0016357582015062988, ""4"": -0.12115019418464357}, ""energy_scale"": 1.0, ""initial_method"": ""hermite_quintic"", ""lambda_energy"": 1.0, ""lambda_residual"": 0.1, ""node_count"": 9.0, ""objective_value"": 0.009069439567033087, ""optimizer_iterations"": 36, ""optimizer_message"": ""CONVERGENCE: REL_REDUCTION_OF_F_<=_FACTR*EPSMCH"", ""optimizer_method"": ""L-BFGS-B"", ""optimizer_success"": true, ""residual_penalty"": 0.0001324106706260359}",
B_deg8_ord4_le1_lr1,B,fixed_base_tetration,ok,8,4,1.0,1.0,0.009329161528973283,0.009392041701203287,6.288017192646258e-05,0.012540591497135914,,,True,61,146.31558300000026,"{""left_derivative"": 0.14984158423779403, ""left_second_derivative"": -0.12170657423572573, ""right_derivative"": 0.05729989727469098, ""right_second_derivative"": -0.03510817771543292}","{""1"": 0.0020077577330294832, ""2"": 0.007628327281930816, ""3"": 0.0003396178328571309, ""4"": -0.009743132278217992}","{""coefficient_regularization"": 1e-10, ""constraint_order"": 4, ""degree"": 8, ""endpoint_residual_norm"": 0.012540591497135914, ""endpoint_residuals"": {""1"": 0.0020077577330294832, ""2"": 0.007628327281930816, ""3"": 0.0003396178328571309, ""4"": -0.009743132278217992}, ""energy_scale"": 1.0, ""initial_method"": ""hermite_quintic"", ""lambda_energy"": 1.0, ""lambda_residual"": 1.0, ""node_count"": 9.0, ""objective_value"": 0.009392041701203287, ""optimizer_iterations"": 61, ""optimizer_message"": ""CONVERGENCE: REL_REDUCTION_OF_F_<=_FACTR*EPSMCH"", ""optimizer_method"": ""L-BFGS-B"", ""optimizer_success"": true, ""residual_penalty"": 6.288017192646258e-05}",
B_deg8_ord4_le1_lr10,B,fixed_base_tetration,ok,8,4,1.0,10.0,0.00982610188796744,0.009848194414624475,2.209252635334623e-06,0.0015417580145755596,,,True,24,80.57812499999972,"{""left_derivative"": 0.15131964598775038, ""left_second_derivative"": -0.13843919239763602, ""right_derivative"": 0.05604603365445593, ""right_second_derivative"": -0.047407092302496255}","{""1"": 0.00020848345829892895, ""2"": 0.001460720187534091, ""3"": 0.00017341458984715397, ""4"": -0.0004120392419202368}","{""coefficient_regularization"": 1e-10, ""constraint_order"": 4, ""degree"": 8, ""endpoint_residual_norm"": 0.0015417580145755596, ""endpoint_residuals"": {""1"": 0.00020848345829892895, ""2"": 0.001460720187534091, ""3"": 0.00017341458984715397, ""4"": -0.0004120392419202368}, ""energy_scale"": 1.0, ""initial_method"": ""hermite_quintic"", ""lambda_energy"": 1.0, ""lambda_residual"": 10.0, ""node_count"": 9.0, ""objective_value"": 0.009848194414624475, ""optimizer_iterations"": 24, ""optimizer_message"": ""CONVERGENCE: REL_REDUCTION_OF_F_<=_FACTR*EPSMCH"", ""optimizer_method"": ""L-BFGS-B"", ""optimizer_success"": true, ""residual_penalty"": 2.209252635334623e-06}",
B_deg8_ord4_le1_lr100,B,fixed_base_tetration,ok,8,4,1.0,100.0,0.009832836251916532,0.012331670748467182,2.4988344962468467e-05,0.005107358549134794,,,True,29,90.29441600000033,"{""left_derivative"": 0.15119062534055505, ""left_second_derivative"": -0.13761902898689948, ""right_derivative"": 0.055983789946199014, ""right_second_derivative"": -0.0435866572055554}","{""1"": 0.00019384888114382104, ""2"": 0.004982290365423359, ""3"": 0.0003659378325873708, ""4"": 0.0010442251567504002}","{""coefficient_regularization"": 1e-10, ""constraint_order"": 4, ""degree"": 8, ""endpoint_residual_norm"": 0.005107358549134794, ""endpoint_residuals"": {""1"": 0.00019384888114382104, ""2"": 0.004982290365423359, ""3"": 0.0003659378325873708, ""4"": 0.0010442251567504002}, ""energy_scale"": 1.0, ""initial_method"": ""hermite_quintic"", ""lambda_energy"": 1.0, ""lambda_residual"": 100.0, ""node_count"": 9.0, ""objective_value"": 0.012331670748467182, ""optimizer_iterations"": 29, ""optimizer_message"": ""CONVERGENCE: REL_REDUCTION_OF_F_<=_FACTR*EPSMCH"", ""optimizer_method"": ""L-BFGS-B"", ""optimizer_success"": true, ""residual_penalty"": 2.4988344962468467e-05}",
B_deg10_ord4_le1_lr0.1,B,fixed_base_tetration,ok,10,4,1.0,0.1,0.008989143657695205,0.009145609442904521,0.0015646578490545763,1.9839917707727095,,,True,74,259.08837500000016,"{""left_derivative"": 0.1465754618754469, ""left_second_derivative"": -0.04294273690528706, ""right_derivative"": 0.05789952405371722, ""right_second_derivative"": -0.012625465289860185}","{""1"": 0.003812596632160159, ""2"": 0.0011405994254532984, ""3"": -0.024594265003524463, ""4"": 1.9838353338325838}","{""coefficient_regularization"": 1e-10, ""constraint_order"": 4, ""degree"": 10, ""endpoint_residual_norm"": 1.9839917707727095, ""endpoint_residuals"": {""1"": 0.003812596632160159, ""2"": 0.0011405994254532984, ""3"": -0.024594265003524463, ""4"": 1.9838353338325838}, ""energy_scale"": 1.0, ""initial_method"": ""hermite_quintic"", ""lambda_energy"": 1.0, ""lambda_residual"": 0.1, ""node_count"": 11.0, ""objective_value"": 0.009145609442904521, ""optimizer_iterations"": 74, ""optimizer_message"": ""CONVERGENCE: REL_REDUCTION_OF_F_<=_FACTR*EPSMCH"", ""optimizer_method"": ""L-BFGS-B"", ""optimizer_success"": true, ""residual_penalty"": 0.0015646578490545763}",
B_deg10_ord4_le1_lr1,B,fixed_base_tetration,ok,10,4,1.0,1.0,0.009702700277467165,0.01040056308946038,0.0006978628116893487,0.06861665841958042,,,True,61,419.6132500000003,"{""left_derivative"": 0.15065534539986092, ""left_second_derivative"": -0.13673433870626006, ""right_derivative"": 0.056334195438474385, ""right_second_derivative"": -0.02191307439969347}","{""1"": 0.0007417747969068605, ""2"": 0.02634506129763465, ""3"": 0.0003297312215703174, ""4"": -0.06335238437000967}","{""coefficient_regularization"": 1e-10, ""constraint_order"": 4, ""degree"": 10, ""endpoint_residual_norm"": 0.06861665841958042, ""endpoint_residuals"": {""1"": 0.0007417747969068605, ""2"": 0.02634506129763465, ""3"": 0.0003297312215703174, ""4"": -0.06335238437000967}, ""energy_scale"": 1.0, ""initial_method"": ""hermite_quintic"", ""lambda_energy"": 1.0, ""lambda_residual"": 1.0, ""node_count"": 11.0, ""objective_value"": 0.01040056308946038, ""optimizer_iterations"": 61, ""optimizer_message"": ""CONVERGENCE: REL_REDUCTION_OF_F_<=_FACTR*EPSMCH"", ""optimizer_method"": ""L-BFGS-B"", ""optimizer_success"": true, ""residual_penalty"": 0.0006978628116893487}",
B_deg10_ord4_le1_lr10,B,fixed_base_tetration,ok,10,4,1.0,10.0,0.009956617546797632,0.01054664719635704,5.900296492555392e-05,0.007765798431298376,,,True,16,76.15062500000036,"{""left_derivative"": 0.15129345195647304, ""left_second_derivative"": -0.1423932145387834, ""right_derivative"": 0.055147597610009744, ""right_second_derivative"": -0.057942213032023175}","{""1"": -0.0006802868846004367, ""2"": -0.007614583265101622, ""3"": -4.6540627615221375e-05, ""4"": -0.0013641080232197345}","{""coefficient_regularization"": 1e-10, ""constraint_order"": 4, ""degree"": 10, ""endpoint_residual_norm"": 0.007765798431298376, ""endpoint_residuals"": {""1"": -0.0006802868846004367, ""2"": -0.007614583265101622, ""3"": -4.6540627615221375e-05, ""4"": -0.0013641080232197345}, ""energy_scale"": 1.0, ""initial_method"": ""hermite_quintic"", ""lambda_energy"": 1.0, ""lambda_residual"": 10.0, ""node_count"": 11.0, ""objective_value"": 0.01054664719635704, ""optimizer_iterations"": 16, ""optimizer_message"": ""CONVERGENCE: REL_REDUCTION_OF_F_<=_FACTR*EPSMCH"", ""optimizer_method"": ""L-BFGS-B"", ""optimizer_success"": true, ""residual_penalty"": 5.900296492555392e-05}",
B_deg10_ord4_le1_lr100,B,fixed_base_tetration,ok,10,4,1.0,100.0,0.010005461511483458,0.02157206182725601,0.00011566600315468687,0.010755642777796174,,,False,17,164.83937499999968,"{""left_derivative"": 0.1514161656855184, ""left_second_derivative"": -0.14450964306847247, ""right_derivative"": 0.0550371171615258, ""right_second_derivative"": -0.061822118914991335}","{""1"": -0.0008360491863467281, ""2"": -0.010717114910383546, ""3"": 0.00032792365484096697, ""4"": 0.00014417834718982725}","{""coefficient_regularization"": 1e-10, ""constraint_order"": 4, ""degree"": 10, ""endpoint_residual_norm"": 0.010755642777796174, ""endpoint_residuals"": {""1"": -0.0008360491863467281, ""2"": -0.010717114910383546, ""3"": 0.00032792365484096697, ""4"": 0.00014417834718982725}, ""energy_scale"": 1.0, ""initial_method"": ""hermite_quintic"", ""lambda_energy"": 1.0, ""lambda_residual"": 100.0, ""node_count"": 11.0, ""objective_value"": 0.02157206182725601, ""optimizer_iterations"": 17, ""optimizer_message"": ""ABNORMAL_TERMINATION_IN_LNSRCH"", ""optimizer_method"": ""L-BFGS-B"", ""optimizer_success"": false, ""residual_penalty"": 0.00011566600315468687}",
B_deg12_ord4_le1_lr0.1,B,fixed_base_tetration,ok,12,4,1.0,0.1,0.009933983842197909,0.009996097049515734,0.0006211320701393892,0.21485490695637485,,,True,11,52.39487500000006,"{""left_derivative"": 0.1510724114774813, ""left_second_derivative"": -0.137917330269235, ""right_derivative"": 0.05494673036235477, ""right_second_derivative"": -0.07107699782481995}","{""1"": -0.0007995893178486743, ""2"": -0.022394516588704325, ""3"": 0.009561488213716746, ""4"": -0.2134690967565387}","{""coefficient_regularization"": 1e-10, ""constraint_order"": 4, ""degree"": 12, ""endpoint_residual_norm"": 0.21485490695637485, ""endpoint_residuals"": {""1"": -0.0007995893178486743, ""2"": -0.022394516588704325, ""3"": 0.009561488213716746, ""4"": -0.2134690967565387}, ""energy_scale"": 1.0, ""initial_method"": ""hermite_quintic"", ""lambda_energy"": 1.0, ""lambda_residual"": 0.1, ""node_count"": 13.0, ""objective_value"": 0.009996097049515734, ""optimizer_iterations"": 11, ""optimizer_message"": ""CONVERGENCE: REL_REDUCTION_OF_F_<=_FACTR*EPSMCH"", ""optimizer_method"": ""L-BFGS-B"", ""optimizer_success"": true, ""residual_penalty"": 0.0006211320701393892}",
B_deg12_ord4_le1_lr1,B,fixed_base_tetration,ok,12,4,1.0,1.0,0.009864136152410857,0.010328725582586976,0.00046458942987222794,0.14191676225475114,,,True,12,66.18891599999976,"{""left_derivative"": 0.15087783469688398, ""left_second_derivative"": -0.131534928037044, ""right_derivative"": 0.05504270483469932, ""right_second_derivative"": -0.06588514858212784}","{""1"": -0.0006318152408811423, ""2"": -0.019552111078333316, ""3"": 0.006854170429982487, ""4"": -0.1403948130041499}","{""coefficient_regularization"": 1e-10, ""constraint_order"": 4, ""degree"": 12, ""endpoint_residual_norm"": 0.14191676225475114, ""endpoint_residuals"": {""1"": -0.0006318152408811423, ""2"": -0.019552111078333316, ""3"": 0.006854170429982487, ""4"": -0.1403948130041499}, ""energy_scale"": 1.0, ""initial_method"": ""hermite_quintic"", ""lambda_energy"": 1.0, ""lambda_residual"": 1.0, ""node_count"": 13.0, ""objective_value"": 0.010328725582586976, ""optimizer_iterations"": 12, ""optimizer_message"": ""CONVERGENCE: REL_REDUCTION_OF_F_<=_FACTR*EPSMCH"", ""optimizer_method"": ""L-BFGS-B"", ""optimizer_success"": true, ""residual_penalty"": 0.00046458942987222794}",
B_deg12_ord4_le1_lr10,B,fixed_base_tetration,ok,12,4,1.0,10.0,0.009843435358257142,0.012526079187973275,0.00026826438294122435,0.017097961354093402,,,False,18,191.8582080000002,"{""left_derivative"": 0.15090567697843316, ""left_second_derivative"": -0.1362192719381908, ""right_derivative"": 0.05527359092931229, ""right_second_derivative"": -0.054938758152092294}","{""1"": -0.00041120305870981366, ""2"": -0.006877992608928317, ""3"": 0.01483718527858685, ""4"": -0.004972156995810995}","{""coefficient_regularization"": 1e-10, ""constraint_order"": 4, ""degree"": 12, ""endpoint_residual_norm"": 0.017097961354093402, ""endpoint_residuals"": {""1"": -0.00041120305870981366, ""2"": -0.006877992608928317, ""3"": 0.01483718527858685, ""4"": -0.004972156995810995}, ""energy_scale"": 1.0, ""initial_method"": ""hermite_quintic"", ""lambda_energy"": 1.0, ""lambda_residual"": 10.0, ""node_count"": 13.0, ""objective_value"": 0.012526079187973275, ""optimizer_iterations"": 18, ""optimizer_message"": ""ABNORMAL_TERMINATION_IN_LNSRCH"", ""optimizer_method"": ""L-BFGS-B"", ""optimizer_success"": false, ""residual_penalty"": 0.00026826438294122435}",
B_deg12_ord4_le1_lr100,B,fixed_base_tetration,ok,12,4,1.0,100.0,0.00984583578914181,0.024849737832536998,0.00015003902043091302,0.012964697102684794,,,True,19,135.15629100000038,"{""left_derivative"": 0.15094948610629233, ""left_second_derivative"": -0.1391934225456196, ""right_derivative"": 0.05536585639006299, ""right_second_derivative"": -0.0515271936481431}","{""1"": -0.0003351033400867745, ""2"": -0.002370234983976864, ""3"": 0.012227651685162544, ""4"": 0.0035829592661513754}","{""coefficient_regularization"": 1e-10, ""constraint_order"": 4, ""degree"": 12, ""endpoint_residual_norm"": 0.012964697102684794, ""endpoint_residuals"": {""1"": -0.0003351033400867745, ""2"": -0.002370234983976864, ""3"": 0.012227651685162544, ""4"": 0.0035829592661513754}, ""energy_scale"": 1.0, ""initial_method"": ""hermite_quintic"", ""lambda_energy"": 1.0, ""lambda_residual"": 100.0, ""node_count"": 13.0, ""objective_value"": 0.024849737832536998, ""optimizer_iterations"": 19, ""optimizer_message"": ""CONVERGENCE: REL_REDUCTION_OF_F_<=_FACTR*EPSMCH"", ""optimizer_method"": ""L-BFGS-B"", ""optimizer_success"": true, ""residual_penalty"": 0.00015003902043091302}",
C_deg6_ord4_le1_lr0.1,C,factorial_type,ok,6,4,1.0,0.1,0.21605209451508298,0.2703833117018434,1.5205089241950644,4.965926589961775,0.281871575102421,0.1565953195013449,True,39,22.33162500000052,"{""left_derivative"": 0.8753238768847691, ""left_second_derivative"": -0.3914996907357562, ""right_derivative"": 1.2495165154989962, ""right_second_derivative"": 0.735779599144621}","{""1"": -1.501131238270542, ""2"": -0.23186877315340482, ""3"": 0.07490119629802905, ""4"": 4.7273310213277}","{""coefficient_regularization"": 1e-10, ""constraint_order"": 4, ""degree"": 6, ""endpoint_residual_norm"": 4.965926589961775, ""endpoint_residuals"": {""1"": -1.501131238270542, ""2"": -0.23186877315340482, ""3"": 0.07490119629802905, ""4"": 4.7273310213277}, ""energy_scale"": 1.825806451613973, ""initial_method"": ""hermite_quintic"", ""lambda_energy"": 1.0, ""lambda_residual"": 0.1, ""node_count"": 7.0, ""objective_value"": 0.2703833117018434, ""optimizer_iterations"": 39, ""optimizer_message"": ""CONVERGENCE: REL_REDUCTION_OF_F_<=_FACTR*EPSMCH"", ""optimizer_method"": ""L-BFGS-B"", ""optimizer_success"": true, ""residual_penalty"": 1.5205089241950644}",
C_deg6_ord4_le1_lr1,C,factorial_type,ok,6,4,1.0,1.0,0.9594686527861238,0.7229483803745163,0.19744434790372123,1.4394862351601148,0.0993526848498032,0.0551959360276684,True,62,28.859999999999886,"{""left_derivative"": 0.600588870431761, ""left_second_derivative"": 0.06688192903310153, ""right_derivative"": 1.5273616606882925, ""right_second_derivative"": 1.278553828468489}","{""1"": -0.6738160801752295, ""2"": -0.05638777046123611, ""3"": 0.01174737048454233, ""4"": 1.2707379469984517}","{""coefficient_regularization"": 1e-10, ""constraint_order"": 4, ""degree"": 6, ""endpoint_residual_norm"": 1.4394862351601148, ""endpoint_residuals"": {""1"": -0.6738160801752295, ""2"": -0.05638777046123611, ""3"": 0.01174737048454233, ""4"": 1.2707379469984517}, ""energy_scale"": 1.825806451613973, ""initial_method"": ""hermite_quintic"", ""lambda_energy"": 1.0, ""lambda_residual"": 1.0, ""node_count"": 7.0, ""objective_value"": 0.7229483803745163, ""optimizer_iterations"": 62, ""optimizer_message"": ""CONVERGENCE: REL_REDUCTION_OF_F_<=_FACTR*EPSMCH"", ""optimizer_method"": ""L-BFGS-B"", ""optimizer_success"": true, ""residual_penalty"": 0.19744434790372123}",
C_deg6_ord4_le1_lr10,C,factorial_type,ok,6,4,1.0,10.0,1.7779830353503217,1.0261774351755553,0.005237047232363622,0.3190950651787503,0.027735279583253725,0.015408488657363217,False,61,38.72945900000069,"{""left_derivative"": 0.4062854951844521, ""left_second_derivative"": 0.3501951773453271, ""right_derivative"": 1.6909855089321368, ""right_second_derivative"": 1.5032330009485122}","{""1"": -0.1215854814367674, ""2"": -0.009728344111046283, ""3"": 0.0015653913339548353, ""4"": 0.29485850877335906}","{""coefficient_regularization"": 1e-10, ""constraint_order"": 4, ""degree"": 6, ""endpoint_residual_norm"": 0.3190950651787503, ""endpoint_residuals"": {""1"": -0.1215854814367674, ""2"": -0.009728344111046283, ""3"": 0.0015653913339548353, ""4"": 0.29485850877335906}, ""energy_scale"": 1.825806451613973, ""initial_method"": ""hermite_quintic"", ""lambda_energy"": 1.0, ""lambda_residual"": 10.0, ""node_count"": 7.0, ""objective_value"": 1.0261774351755553, ""optimizer_iterations"": 61, ""optimizer_message"": ""ABNORMAL_TERMINATION_IN_LNSRCH"", ""optimizer_method"": ""L-BFGS-B"", ""optimizer_success"": false, ""residual_penalty"": 0.005237047232363622}",
C_deg6_ord4_le1_lr100,C,factorial_type,ok,6,4,1.0,100.0,2.249154181462223,1.344030146443831,0.0011216124844379317,0.06695840976276216,0.023606349461639642,0.013114638589799702,True,48,32.45037499999981,"{""left_derivative"": 0.4531327226083315, ""left_second_derivative"": 0.8714972422277185, ""right_derivative"": 1.8474669562543582, ""right_second_derivative"": 2.62916262453723}","{""1"": -0.058798488962304774, ""2"": -0.02009730513487007, ""3"": 0.01921147179038485, ""4"": 0.01591175702651526}","{""coefficient_regularization"": 1e-10, ""constraint_order"": 4, ""degree"": 6, ""endpoint_residual_norm"": 0.06695840976276216, ""endpoint_residuals"": {""1"": -0.058798488962304774, ""2"": -0.02009730513487007, ""3"": 0.01921147179038485, ""4"": 0.01591175702651526}, ""energy_scale"": 1.825806451613973, ""initial_method"": ""hermite_quintic"", ""lambda_energy"": 1.0, ""lambda_residual"": 100.0, ""node_count"": 7.0, ""objective_value"": 1.344030146443831, ""optimizer_iterations"": 48, ""optimizer_message"": ""CONVERGENCE: REL_REDUCTION_OF_F_<=_FACTR*EPSMCH"", ""optimizer_method"": ""L-BFGS-B"", ""optimizer_success"": true, ""residual_penalty"": 0.0011216124844379317}",
C_deg8_ord4_le1_lr0.1,C,factorial_type,ok,8,4,1.0,0.1,0.18933585577547182,0.24581046123603217,1.4211061087455261,4.32669412840416,0.29952498739294553,0.1664027707738586,True,186,100.01324999999994,"{""left_derivative"": 0.8368822386569725, ""left_second_derivative"": -0.365355992709425, ""right_derivative"": 1.223023335447408, ""right_second_derivative"": 0.8298044538532849}","{""1"": -1.450741141866537, ""2"": -0.11324803804181016, ""3"": 0.019368376938444953, ""4"": 4.074608198086935}","{""coefficient_regularization"": 1e-10, ""constraint_order"": 4, ""degree"": 8, ""endpoint_residual_norm"": 4.32669412840416, ""endpoint_residuals"": {""1"": -1.450741141866537, ""2"": -0.11324803804181016, ""3"": 0.019368376938444953, ""4"": 4.074608198086935}, ""energy_scale"": 1.8258064516154326, ""initial_method"": ""hermite_quintic"", ""lambda_energy"": 1.0, ""lambda_residual"": 0.1, ""node_count"": 9.0, ""objective_value"": 0.24581046123603217, ""optimizer_iterations"": 186, ""optimizer_message"": ""CONVERGENCE: REL_REDUCTION_OF_F_<=_FACTR*EPSMCH"", ""optimizer_method"": ""L-BFGS-B"", ""optimizer_success"": true, ""residual_penalty"": 1.4211061087455261}",
C_deg8_ord4_le1_lr1,C,factorial_type,ok,8,4,1.0,1.0,1.1791198083777479,0.7312555261514424,0.08544785722535798,1.033544242097514,0.06143438489598152,0.03413021383110074,True,164,105.12345899999964,"{""left_derivative"": 0.46732172926598636, ""left_second_derivative"": 0.06138341976534889, ""right_derivative"": 1.49739280140399, ""right_second_derivative"": 1.0445059678831967}","{""1"": -0.43725065712798283, ""2"": -0.012904330179473789, ""3"": -0.010264828539192195, ""4"": 0.9363512560848903}","{""coefficient_regularization"": 1e-10, ""constraint_order"": 4, ""degree"": 8, ""endpoint_residual_norm"": 1.033544242097514, ""endpoint_residuals"": {""1"": -0.43725065712798283, ""2"": -0.012904330179473789, ""3"": -0.010264828539192195, ""4"": 0.9363512560848903}, ""energy_scale"": 1.8258064516154326, ""initial_method"": ""hermite_quintic"", ""lambda_energy"": 1.0, ""lambda_residual"": 1.0, ""node_count"": 9.0, ""objective_value"": 0.7312555261514424, ""optimizer_iterations"": 164, ""optimizer_message"": ""CONVERGENCE: REL_REDUCTION_OF_F_<=_FACTR*EPSMCH"", ""optimizer_method"": ""L-BFGS-B"", ""optimizer_success"": true, ""residual_penalty"": 0.08544785722535798}",
C_deg8_ord4_le1_lr10,C,factorial_type,ok,8,4,1.0,10.0,1.7158525570549708,0.9613573854337941,0.002157948313274853,0.2292957830710208,0.0027090400858269525,0.0015050222699038256,True,34,30.331541000000684,"{""left_derivative"": 0.33478673719662577, ""left_second_derivative"": 0.3211475950491547, ""right_derivative"": 1.5955282845663703, ""right_second_derivative"": 1.3094342274935116}","{""1"": -0.07404518982688124, ""2"": -0.0024344369980493497, ""3"": -0.00013991868812013308, ""4"": 0.21699751136111445}","{""coefficient_regularization"": 1e-10, ""constraint_order"": 4, ""degree"": 8, ""endpoint_residual_norm"": 0.2292957830710208, ""endpoint_residuals"": {""1"": -0.07404518982688124, ""2"": -0.0024344369980493497, ""3"": -0.00013991868812013308, ""4"": 0.21699751136111445}, ""energy_scale"": 1.8258064516154326, ""initial_method"": ""hermite_quintic"", ""lambda_energy"": 1.0, ""lambda_residual"": 10.0, ""node_count"": 9.0, ""objective_value"": 0.9613573854337941, ""optimizer_iterations"": 34, ""optimizer_message"": ""CONVERGENCE: REL_REDUCTION_OF_F_<=_FACTR*EPSMCH"", ""optimizer_method"": ""L-BFGS-B"", ""optimizer_success"": true, ""residual_penalty"": 0.002157948313274853}",
C_deg8_ord4_le1_lr100,C,factorial_type,ok,8,4,1.0,100.0,1.8330473091549695,1.004798722935623,8.328822053808077e-06,0.0173849241733181,0.0018522461997450002,0.001029025666524926,True,26,26.404874999999883,"{""left_derivative"": 0.32027419685723224, ""left_second_derivative"": 0.618258078167031, ""right_derivative"": 1.6358454435878542, ""right_second_derivative"": 1.8766736282304919}","{""1"": -0.004702950126610261, ""2"": -0.00039092181803468407, ""3"": 0.0003283489829470909, ""4"": -0.016728933489503106}","{""coefficient_regularization"": 1e-10, ""constraint_order"": 4, ""degree"": 8, ""endpoint_residual_norm"": 0.0173849241733181, ""endpoint_residuals"": {""1"": -0.004702950126610261, ""2"": -0.00039092181803468407, ""3"": 0.0003283489829470909, ""4"": -0.016728933489503106}, ""energy_scale"": 1.8258064516154326, ""initial_method"": ""hermite_quintic"", ""lambda_energy"": 1.0, ""lambda_residual"": 100.0, ""node_count"": 9.0, ""objective_value"": 1.004798722935623, ""optimizer_iterations"": 26, ""optimizer_message"": ""CONVERGENCE: REL_REDUCTION_OF_F_<=_FACTR*EPSMCH"", ""optimizer_method"": ""L-BFGS-B"", ""optimizer_success"": true, ""residual_penalty"": 8.328822053808077e-06}",
C_deg10_ord4_le1_lr0.1,C,factorial_type,ok,10,4,1.0,0.1,1.6217374766612591,0.8901683085658018,0.019375351026621284,0.8960509960939667,0.0029562111393217627,0.0016423395218453374,True,38,36.79179199999982,"{""left_derivative"": 0.3743099442693887, ""left_second_derivative"": -0.14488123708991907, ""right_derivative"": 1.5376604478157674, ""right_second_derivative"": 0.43546909181168303}","{""1"": -0.21095944072300998, ""2"": -0.023388322547256202, ""3"": -0.012274853746191638, ""4"": 0.8704629896237748}","{""coefficient_regularization"": 1e-10, ""constraint_order"": 4, ""degree"": 10, ""endpoint_residual_norm"": 0.8960509960939667, ""endpoint_residuals"": {""1"": -0.21095944072300998, ""2"": -0.023388322547256202, ""3"": -0.012274853746191638, ""4"": 0.8704629896237748}, ""energy_scale"": 1.8258064516163761, ""initial_method"": ""hermite_quintic"", ""lambda_energy"": 1.0, ""lambda_residual"": 0.1, ""node_count"": 11.0, ""objective_value"": 0.8901683085658018, ""optimizer_iterations"": 38, ""optimizer_message"": ""CONVERGENCE: REL_REDUCTION_OF_F_<=_FACTR*EPSMCH"", ""optimizer_method"": ""L-BFGS-B"", ""optimizer_success"": true, ""residual_penalty"": 0.019375351026621284}",
C_deg10_ord4_le1_lr1,C,factorial_type,ok,10,4,1.0,1.0,1.6590376811211043,0.9175475135177192,0.008887299449428506,1.2631693607587118,0.0025046628765941215,0.0013914793758855366,True,58,49.713958999999974,"{""left_derivative"": 0.35681242663986357, ""left_second_derivative"": -0.046336210719971405, ""right_derivative"": 1.5660578876361626, ""right_second_derivative"": 0.6190732500781451}","{""1"": -0.14756696564356453, ""2"": -0.0018791817616392592, ""3"": -0.0012973237598430387, ""4"": 1.25451807888021}","{""coefficient_regularization"": 1e-10, ""constraint_order"": 4, ""degree"": 10, ""endpoint_residual_norm"": 1.2631693607587118, ""endpoint_residuals"": {""1"": -0.14756696564356453, ""2"": -0.0018791817616392592, ""3"": -0.0012973237598430387, ""4"": 1.25451807888021}, ""energy_scale"": 1.8258064516163761, ""initial_method"": ""hermite_quintic"", ""lambda_energy"": 1.0, ""lambda_residual"": 1.0, ""node_count"": 11.0, ""objective_value"": 0.9175475135177192, ""optimizer_iterations"": 58, ""optimizer_message"": ""CONVERGENCE: REL_REDUCTION_OF_F_<=_FACTR*EPSMCH"", ""optimizer_method"": ""L-BFGS-B"", ""optimizer_success"": true, ""residual_penalty"": 0.008887299449428506}",
C_deg10_ord4_le1_lr10,C,factorial_type,ok,10,4,1.0,10.0,1.757709901996614,0.9705173926810885,0.000781408944082468,0.04627547029307497,0.00048465842803269155,0.00026925468224033483,True,51,62.49675000000021,"{""left_derivative"": 0.32374625963566217, ""left_second_derivative"": 0.21726598184221757, ""right_derivative"": 1.6027754561355891, ""right_second_derivative"": 1.0802848225348498}","{""1"": -0.0447170631357352, ""2"": -0.0017396604209096722, ""3"": 0.010183395793262662, ""4"": 0.005922452794038691}","{""coefficient_regularization"": 1e-10, ""constraint_order"": 4, ""degree"": 10, ""endpoint_residual_norm"": 0.04627547029307497, ""endpoint_residuals"": {""1"": -0.0447170631357352, ""2"": -0.0017396604209096722, ""3"": 0.010183395793262662, ""4"": 0.005922452794038691}, ""energy_scale"": 1.8258064516163761, ""initial_method"": ""hermite_quintic"", ""lambda_energy"": 1.0, ""lambda_residual"": 10.0, ""node_count"": 11.0, ""objective_value"": 0.9705173926810885, ""optimizer_iterations"": 51, ""optimizer_message"": ""CONVERGENCE: REL_REDUCTION_OF_F_<=_FACTR*EPSMCH"", ""optimizer_method"": ""L-BFGS-B"", ""optimizer_success"": true, ""residual_penalty"": 0.000781408944082468}",
C_deg10_ord4_le1_lr100,C,factorial_type,ok,10,4,1.0,100.0,3.3266387167241844,3.591755475353022,0.017697448707619086,24.156069081446727,0.006205585581365636,0.003447547545203119,True,69,182.71970800000048,"{""left_derivative"": 0.2743664620107924, ""left_second_derivative"": 2.539150231036956, ""right_derivative"": 1.7832916038716178, ""right_second_derivative"": 5.530587569470299}","{""1"": 0.23455867985003298, ""2"": -0.0964458166251978, ""3"": -0.0003293526949619263, ""4"": 24.1547377089737}","{""coefficient_regularization"": 1e-10, ""constraint_order"": 4, ""degree"": 10, ""endpoint_residual_norm"": 24.156069081446727, ""endpoint_residuals"": {""1"": 0.23455867985003298, ""2"": -0.0964458166251978, ""3"": -0.0003293526949619263, ""4"": 24.1547377089737}, ""energy_scale"": 1.8258064516163761, ""initial_method"": ""hermite_quintic"", ""lambda_energy"": 1.0, ""lambda_residual"": 100.0, ""node_count"": 11.0, ""objective_value"": 3.591755475353022, ""optimizer_iterations"": 69, ""optimizer_message"": ""CONVERGENCE: REL_REDUCTION_OF_F_<=_FACTR*EPSMCH"", ""optimizer_method"": ""L-BFGS-B"", ""optimizer_success"": true, ""residual_penalty"": 0.017697448707619086}",
C_deg12_ord4_le1_lr0.1,C,factorial_type,ok,12,4,1.0,0.1,1.7086003178707811,0.9364242308389809,0.006184030044041759,4.623669825388778,0.0009497887165519359,0.0005276603980843841,True,46,53.86979199999953,"{""left_derivative"": 0.3467636362858273, ""left_second_derivative"": -0.13580221353271327, ""right_derivative"": 1.5756988986489375, ""right_second_derivative"": 0.40160681987072167}","{""1"": -0.11782837392271706, ""2"": -0.020316025635506385, ""3"": -0.14496168764634376, ""4"": 4.619849834867637}","{""coefficient_regularization"": 1e-10, ""constraint_order"": 4, ""degree"": 12, ""endpoint_residual_norm"": 4.623669825388778, ""endpoint_residuals"": {""1"": -0.11782837392271706, ""2"": -0.020316025635506385, ""3"": -0.14496168764634376, ""4"": 4.619849834867637}, ""energy_scale"": 1.8258064516186079, ""initial_method"": ""hermite_quintic"", ""lambda_energy"": 1.0, ""lambda_residual"": 0.1, ""node_count"": 13.0, ""objective_value"": 0.9364242308389809, ""optimizer_iterations"": 46, ""optimizer_message"": ""CONVERGENCE: REL_REDUCTION_OF_F_<=_FACTR*EPSMCH"", ""optimizer_method"": ""L-BFGS-B"", ""optimizer_success"": true, ""residual_penalty"": 0.006184030044041759}",
C_deg12_ord4_le1_lr1,C,factorial_type,ok,12,4,1.0,1.0,1.7612777952202885,0.965740623841335,0.0010831741369986894,0.6163646646631338,0.0018419336823431998,0.0010232964901906172,True,39,48.71441600000015,"{""left_derivative"": 0.32773673653774216, ""left_second_derivative"": 0.03581523070249659, ""right_derivative"": 1.6029360472502674, ""right_second_derivative"": 0.724205647726194}","{""1"": -0.05253742582521692, ""2"": -0.0028982867542834967, ""3"": 0.01065363123541374, ""4"": 0.6140222461835947}","{""coefficient_regularization"": 1e-10, ""constraint_order"": 4, ""degree"": 12, ""endpoint_residual_norm"": 0.6163646646631338, ""endpoint_residuals"": {""1"": -0.05253742582521692, ""2"": -0.0028982867542834967, ""3"": 0.01065363123541374, ""4"": 0.6140222461835947}, ""energy_scale"": 1.8258064516186079, ""initial_method"": ""hermite_quintic"", ""lambda_energy"": 1.0, ""lambda_residual"": 1.0, ""node_count"": 13.0, ""objective_value"": 0.965740623841335, ""optimizer_iterations"": 39, ""optimizer_message"": ""CONVERGENCE: REL_REDUCTION_OF_F_<=_FACTR*EPSMCH"", ""optimizer_method"": ""L-BFGS-B"", ""optimizer_success"": true, ""residual_penalty"": 0.0010831741369986894}",
C_deg12_ord4_le1_lr10,C,factorial_type,ok,12,4,1.0,10.0,2.3790492237343446,1.4093375181960004,0.010632469245147913,131.89209716972684,0.00018944045137780918,0.00010524469520989399,True,69,295.72662499999944,"{""left_derivative"": 0.2949818754053366, ""left_second_derivative"": 2.009607465150225, ""right_derivative"": 1.699949872777239, ""right_second_derivative"": 4.29461753006035}","{""1"": 0.10998612196656588, ""2"": -0.3145611510507731, ""3"": -0.00030565345730337867, ""4"": 131.89167619706132}","{""coefficient_regularization"": 1e-10, ""constraint_order"": 4, ""degree"": 12, ""endpoint_residual_norm"": 131.89209716972684, ""endpoint_residuals"": {""1"": 0.10998612196656588, ""2"": -0.3145611510507731, ""3"": -0.00030565345730337867, ""4"": 131.89167619706132}, ""energy_scale"": 1.8258064516186079, ""initial_method"": ""hermite_quintic"", ""lambda_energy"": 1.0, ""lambda_residual"": 10.0, ""node_count"": 13.0, ""objective_value"": 1.4093375181960004, ""optimizer_iterations"": 69, ""optimizer_message"": ""CONVERGENCE: REL_REDUCTION_OF_F_<=_FACTR*EPSMCH"", ""optimizer_method"": ""L-BFGS-B"", ""optimizer_success"": true, ""residual_penalty"": 0.010632469245147913}",
C_deg12_ord4_le1_lr100,C,factorial_type,ok,12,4,1.0,100.0,2.794869516418402,2.3115370656226935,0.007807781431791417,50.267139625486955,0.00038616016035275536,0.00021453342241824677,True,54,148.57283300000023,"{""left_derivative"": 0.29081747419463433, ""left_second_derivative"": 2.461523970057385, ""right_derivative"": 1.7309371475368494, ""right_second_derivative"": 5.412071047396239}","{""1"": 0.1493021991475807, ""2"": -0.09261184110780007, ""3"": -0.0005102416747035932, ""4"": 50.266832581415656}","{""coefficient_regularization"": 1e-10, ""constraint_order"": 4, ""degree"": 12, ""endpoint_residual_norm"": 50.267139625486955, ""endpoint_residuals"": {""1"": 0.1493021991475807, ""2"": -0.09261184110780007, ""3"": -0.0005102416747035932, ""4"": 50.266832581415656}, ""energy_scale"": 1.8258064516186079, ""initial_method"": ""hermite_quintic"", ""lambda_energy"": 1.0, ""lambda_residual"": 100.0, ""node_count"": 13.0, ""objective_value"": 2.3115370656226935, ""optimizer_iterations"": 54, ""optimizer_message"": ""CONVERGENCE: REL_REDUCTION_OF_F_<=_FACTR*EPSMCH"", ""optimizer_method"": ""L-BFGS-B"", ""optimizer_success"": true, ""residual_penalty"": 0.007807781431791417}",
